,user_id,Tweet,Tweet_punct,polarity,subjectivity,Anger,Fear,Sadness,Joy,Analytical
0,976115000350617600,"20,131 cases of #COVID19 in a day in India. Number of total cases - 5,29,577 out of which 16,103 (414 in a day) have lost their lives. The fatality rate is 3% whereas the recovery rate is 58.6%. 
Active cases in India - 2,03,328

#CoronaUpdatesInIndia #COVID19India"," cases of COVID in a day in India Number of total cases   out of which   in a day have lost their lives The fatality rate is  whereas the recovery rate is  
Active cases in India  

CoronaUpdatesInIndia COVIDIndia",-0.06666666666666667,0.675,0.0,0.0,0.0,0.0,0.69218
1,2540445590,"#COVID19India #Covid19Karnataka #COVID19vaccine
Has anyone tried nebulizer and nebulization with Saline for covid??","COVIDIndia CovidKarnataka COVIDvaccine
Has anyone tried nebulizer and nebulization with Saline for covid",0.0,0.0,0.0,0.0,0.0,0.0,0.0
2,980855926474362887,"Virus comes out only on Sundays and at night 

#COVID19UG #Coronapalooza #COVIDIOTS #COVID19India #CoronaUpdates #Coronil #COVID #CoronaUpdatesInIndia #COVIDUpdates #Corona

Full lockdown on Sundays from July 5, night curfew to begin at 8 pm https://t.co/1vnI30VcRU","Virus comes out only on Sundays and at night 

COVIDUG Coronapalooza COVIDIOTS COVIDIndia CoronaUpdates Coronil COVID CoronaUpdatesInIndia COVIDUpdates Corona

Full lockdown on Sundays from July  night curfew to begin at  pm httpstcovnIVcRU",0.175,0.775,0.0,0.0,0.0,0.790968,0.0
3,75721874,"#covid19india  status on 27.06.20
Highest no of cases in one day, 20,132. Total is 5,29,577. New deaths added is 414, total deaths is 16,103, fatality rate is 3.04%.  6,368 new case ( highest in 1day) added to Maharashtra bringing its total to 1,59,133. Total deaths -7273, 
1/3","covidindia  status on 
Highest no of cases in one day  Total is  New deaths added is  total deaths is  fatality rate is    new case  highest in day added to Maharashtra bringing its total to  Total deaths  
",0.04545454545454545,0.6515151515151515,0.0,0.0,0.0,0.0,0.0
4,75965002,"India records all time highest confirmed cases in one day. 20K+ that's a biggest spike ever.

#COVID19India #IndiaFightsCorona #COVID19 https://t.co/IoY1CroeJb","India records all time highest confirmed cases in one day K thats a biggest spike ever

COVIDIndia IndiaFightsCorona COVID httpstcoIoYCroeJb",0.4,1.0,0.0,0.0,0.0,0.0,0.818141
5,1219495478171250688,"#UPDATE : #coronavirus 

20,131 new cases and 414 new deaths in India üáÆüá≥ üîº

Visit :-https://t.co/PU14yxxUkf

#India  #COVID19 #COVID19Pandemic #CoronaVirusUpdate #COVID19India  #news  

#follow us : Live News‚û°Ô∏è @Taproban 
#Taprobana https://t.co/d3tHq7jRlX","UPDATE  coronavirus 

 new cases and  new deaths in India üáÆüá≥ üîº

Visit httpstcoPUyxxUkf

India  COVID COVIDPandemic CoronaVirusUpdate COVIDIndia  news  

follow us  Live News‚û°Ô∏è Taproban 
Taprobana httpstcodtHqjRlX",0.13636363636363635,0.4696969696969697,0.0,0.0,0.0,0.605695,0.0
6,115908206,"@htTweets And we say all is safe and people must go to work! Thermal check, masks.....all is well. #SocialDistancing is the only prevention till a genuine cure arrives.
#bajajauto #COVID19India","htTweets And we say all is safe and people must go to work Thermal check masksall is well SocialDistancing is the only prevention till a genuine cure arrives
bajajauto COVIDIndia",0.3,0.6666666666666666,0.0,0.0,0.0,0.0,0.802429
7,108296319,"@TheVikasKhanna , celebrity Michelin Star Chef feeds 17 million poor Indians in the last three months during lockdown, all remotely managed from New York. Amazing work from an amazing person. #NewYork #COVID19 #COVID19India #lockdown #USA #India https://t.co/o73699rGyg",TheVikasKhanna  celebrity Michelin Star Chef feeds  million poor Indians in the last three months during lockdown all remotely managed from New York Amazing work from an amazing person NewYork COVID COVIDIndia lockdown USA India httpstcoorGyg,0.13939393939393943,0.5202020202020202,0.0,0.0,0.0,0.715646,0.0
8,58812045,"No doubt, India is fighting with Corona Virus within and alongside the LAC, thanks to PRC (People's Republic of Corona) 
#PeoplesRepublicofCorona
#COVID19India 
#chinaindiaborder https://t.co/8O5gCFzKuq","No doubt India is fighting with Corona Virus within and alongside the LAC thanks to PRC Peoples Republic of Corona 
PeoplesRepublicofCorona
COVIDIndia 
chinaindiaborder httpstcoOgCFzKuq",0.2,0.2,0.0,0.0,0.0,0.512314,0.0
9,1251431638552080385,"27th June - #COVID19India

üìà 20,000+ new cases in a day, the new high for India.
üì£ 3L+ COVID19 infected have recovered.
üì£ 2L+ are active (63.5% of active cases are in MH, GJ, TN).
üì£ MH, KA, TG, AP, KL, BR, PY reported their daily high of new cases.

#WearYourDamnMask üôè üò∑ üôè https://t.co/wVPGH6xuJd","th June  COVIDIndia

üìà  new cases in a day the new high for India
üì£ L COVID infected have recovered
üì£ L are active  of active cases are in MH GJ TN
üì£ MH KA TG AP KL BR PY reported their daily high of new cases

WearYourDamnMask üôè üò∑ üôè httpstcowVPGHxuJd",0.05780303030303031,0.45545454545454545,0.0,0.0,0.0,0.0,0.0
10,1057148786189824000,"India struggles as coronavirus cases top 500,000 mark.. #India #Covid19India #COVID #Coronavirus #CoronavirusPandemic #Covid_19 #Pandemic #COVID19 #COVID2019 #COVID„Éº19 https://t.co/1eSpRL9sTI",India struggles as coronavirus cases top  mark India CovidIndia COVID Coronavirus CoronavirusPandemic Covid Pandemic COVID COVID COVID„Éº httpstcoeSpRLsTI,0.5,0.5,0.0,0.0,0.0,0.0,0.0
11,142041827,"I am just wondering where all the discussions of PDA's (Public display of affection)

Whether it should be allowed or not ??

There were continuous debates !!

However nature decided what's good for us üôè

#coronavirusindia #COVID19India","I am just wondering where all the discussions of PDAs Public display of affection

Whether it should be allowed or not 

There were continuous debates 

However nature decided whats good for us üôè

coronavirusindia COVIDIndia",0.35,0.33333333333333337,0.0,0.0,0.0,0.645331,0.930128
12,710326046,"Amazing! Kudos to the Govt. üëèüëè
#IndiaFightsCorona #India
#DelhiFightsCorona #Delhi
#COVID19 #COVID19India
{SearchTerms}

https://t.co/wyRGSZkKKS","Amazing Kudos to the Govt üëèüëè
IndiaFightsCorona India
DelhiFightsCorona Delhi
COVID COVIDIndia
SearchTerms

httpstcowyRGSZkKKS",0.6000000000000001,0.9,0.0,0.0,0.0,0.832589,0.0
13,279979276,"Ek crore
#COVID19India 
#COVID19 # https://t.co/oWS9ifTAJG","Ek crore
COVIDIndia 
COVID  httpstcooWSifTAJG",0.0,0.0,0.0,0.0,0.0,0.0,0.0
14,780403730264887298,"Lesson for #India to combat #COVID19 effectively @narendramodi @PMOIndia @AmitShah @PIBHomeAffairs @MoHFW_INDIA @drharshvardhan @ICMRDELHI 
#COVID19India üëá https://t.co/uLbtxgvxCH","Lesson for India to combat COVID effectively narendramodi PMOIndia AmitShah PIBHomeAffairs MoHFWINDIA drharshvardhan ICMRDELHI 
COVIDIndia üëá httpstcouLbtxgvxCH",0.6,0.8,0.0,0.0,0.0,0.628341,0.965157
15,780403730264887298,Intelg. is 2 learn frm others mistakes #India been lucky to get time.But way cases spiking &amp; owing to popltn. same mistakes can lead to disaster. Gapped #lockdown for short phases till  effective cure/vaccine can save @narendramodi @AmitShah @MoHFW_INDIA #COVID19India @PIB_India https://t.co/j6B2kOUjAg,Intelg is  learn frm others mistakes India been lucky to get timeBut way cases spiking amp owing to popltn same mistakes can lead to disaster Gapped lockdown for short phases till  effective curevaccine can save narendramodi AmitShah MoHFWINDIA COVIDIndia PIBIndia httpstcojBkOUjAg,0.23333333333333334,0.5145833333333334,0.0,0.0,0.0,0.0,0.92304
16,1276952703457878016,@aajtak UP Government is planning to call all primary teachers to school from 1st of July @HRDMinistry #Dr. R. P. Nisahank please take some action. When there are no students why to risk teacher's lives. #COVID19India #Do not open schools until everything is fine....,aajtak UP Government is planning to call all primary teachers to school from st of July HRDMinistry Dr R P Nisahank please take some action When there are no students why to risk teachers lives COVIDIndia Do not open schools until everything is fine,0.22916666666666669,0.4,0.0,0.0,0.0,0.0,0.0
17,789066863699386368,Equate Moisturizing Hand Sanitizer with Vitamin E from https://t.co/Drwwbj2Ivv #COVID19US  #COVID19India #COVID19 #Covid19UK  https://t.co/noGWK3cA9Y,Equate Moisturizing Hand Sanitizer with Vitamin E from httpstcoDrwwbjIvv COVIDUS  COVIDIndia COVID CovidUK  httpstconoGWKcAY,0.0,0.0,0.0,0.0,0.0,0.610625,0.0
18,2945495437,"@mukherji_dibz @rishibagree Its not only bakree, suddenly a chunk fake sanghi news peddlers hv relatives in Delhi infected with #COVID19India &amp; charged the same bill amount. https://t.co/tbgO7kOzrB",mukherjidibz rishibagree Its not only bakree suddenly a chunk fake sanghi news peddlers hv relatives in Delhi infected with COVIDIndia amp charged the same bill amount httpstcotbgOkOzrB,-0.125,0.65625,0.0,0.0,0.576028,0.0,0.767076
19,719148547497672704,"Today's status: 27 June 2020

#CoronaVirusUpdates  
#coronavirus
#COVID„Éº19  
#Corona
#COVID19  
#coronaupdatesindia 
#Covid_19india 
#COVID19India https://t.co/aQF9tPepYV","Todays status  June 

CoronaVirusUpdates  
coronavirus
COVID„Éº  
Corona
COVID  
coronaupdatesindia 
Covidindia 
COVIDIndia httpstcoaQFtPepYV",0.0,0.0,0.0,0.0,0.0,0.0,0.0
20,789066863699386368,"Equate Hand Sanitizer with Aloe from https://t.co/Drwwbj2Ivv #COVID19US  #COVID19India #COVID19 #Covid19UK

https://t.co/oMZPHujmt5","Equate Hand Sanitizer with Aloe from httpstcoDrwwbjIvv COVIDUS  COVIDIndia COVID CovidUK

httpstcooMZPHujmt",0.0,0.0,0.0,0.0,0.0,0.643031,0.0
21,1876717890,"@DrChiragGoda @TajinderBagga @CMOMaharashtra @DGPMaharashtra @MumbaiPolice I am not against your concern, but LIFE must go on with #COVID19India. We can't deny this fact and our duties too.",DrChiragGoda TajinderBagga CMOMaharashtra DGPMaharashtra MumbaiPolice I am not against your concern but LIFE must go on with COVIDIndia We cant deny this fact and our duties too,0.0,0.0,0.56354,0.0,0.0,0.0,0.724236
22,160797436,"Today's status: 27 June 2020

#CoronaVirusUpdates  
#coronavirus
#COVID„Éº19  
#Corona
#COVID19  
#coronaupdatesindia 
#Covid_19india 
#COVID19India https://t.co/sMeqWFGHeo","Todays status  June 

CoronaVirusUpdates  
coronavirus
COVID„Éº  
Corona
COVID  
coronaupdatesindia 
Covidindia 
COVIDIndia httpstcosMeqWFGHeo",0.0,0.0,0.0,0.0,0.0,0.0,0.0
23,1256649191100575745,"@drishtooo @shraddhadas43 @MeerraChopra 
#Exams2020 #COVID19India 
I had experience üòäüòäüòäüòäüòä https://t.co/PtADbV2d4a","drishtooo shraddhadas MeerraChopra 
Exams COVIDIndia 
I had experience üòäüòäüòäüòäüòä httpstcoPtADbVda",0.0,0.0,0.0,0.0,0.0,0.859229,0.0
24,818098505793335297,"#BreakingNews #ajantanews
#coronavirus update from #India üáÆüá≥:
27/06/2020 

Total cases :5,29,577
Active cases :2,03,272
Death cases :16,103
Recovered :3,10,146

20,132 new cases &amp; 414 deaths reported today

#COVIDUpdates #COVID19India #Covid_19 #CoronaWarriors #CoronavirusIndia https://t.co/uPQcfaxIzo","BreakingNews ajantanews
coronavirus update from India üáÆüá≥
 

Total cases 
Active cases 
Death cases 
Recovered 

 new cases amp  deaths reported today

COVIDUpdates COVIDIndia Covid CoronaWarriors CoronavirusIndia httpstcouPQcfaxIzo",0.0010101010101010073,0.6015151515151516,0.0,0.0,0.0,0.0,0.0
25,1276952703457878016,@Support94307661 UP Government is planning to call all primary teachers to school from 1st of July @HRDMinistry #Dr. R. P. Nisahank please take some action. When there are no students why to risk teacher's lives. #COVID19India #Do not open schools until everything is fine....,Support UP Government is planning to call all primary teachers to school from st of July HRDMinistry Dr R P Nisahank please take some action When there are no students why to risk teachers lives COVIDIndia Do not open schools until everything is fine,0.22916666666666669,0.4,0.0,0.0,0.0,0.0,0.0
26,1276952703457878016,"@nitin_gadkari 
UP Government is planning to call all primary teachers to school from 1st of July @HRDMinistry #Dr. R. P. Nisahank please take some action. When there are no students why to risk teacher's lives. #COVID19India #Do not open schools until everything is fine....","nitingadkari 
UP Government is planning to call all primary teachers to school from st of July HRDMinistry Dr R P Nisahank please take some action When there are no students why to risk teachers lives COVIDIndia Do not open schools until everything is fine",0.22916666666666669,0.4,0.0,0.0,0.0,0.0,0.0
27,1276952703457878016,"@rajnathsingh 
UP Government is planning to call all primary teachers to school from 1st of July @HRDMinistry #Dr. R. P. Nisahank please take some action. When there are no students why to risk teacher's lives. #COVID19India #Do not open schools until everything is fine....","rajnathsingh 
UP Government is planning to call all primary teachers to school from st of July HRDMinistry Dr R P Nisahank please take some action When there are no students why to risk teachers lives COVIDIndia Do not open schools until everything is fine",0.22916666666666669,0.4,0.0,0.0,0.0,0.0,0.0
28,789066863699386368,"Cantu Moisturizing Shampoo + Conditioner + Conditioning Hair Lotion + Coconut Mist ""Set"" is one of my faves from https://t.co/Drwwbj2Ivv #COVID19US  #COVID19India #COVID19 #Covid19UK

https://t.co/9kYxjbMZvc","Cantu Moisturizing Shampoo  Conditioner  Conditioning Hair Lotion  Coconut Mist Set is one of my faves from httpstcoDrwwbjIvv COVIDUS  COVIDIndia COVID CovidUK

httpstcokYxjbMZvc",0.0,0.0,0.0,0.0,0.0,0.574567,0.0
29,1276952703457878016,"@drharshvardhan 
UP Government is planning to call all primary teachers to school from 1st of July @HRDMinistry #Dr. R. P. Nisahank please take some action. When there are no students why to risk teacher's lives. #COVID19India #Do not open schools until everything is fine....","drharshvardhan 
UP Government is planning to call all primary teachers to school from st of July HRDMinistry Dr R P Nisahank please take some action When there are no students why to risk teachers lives COVIDIndia Do not open schools until everything is fine",0.22916666666666669,0.4,0.0,0.0,0.0,0.0,0.0
30,1276952703457878016,"@PMOIndia 
UP Government is planning to call all primary teachers to school from 1st of July @HRDMinistry #Dr. R. P. Nisahank please take some action. When there are no students why to risk teacher's lives. #COVID19India #Do not open schools until everything is fine....","PMOIndia 
UP Government is planning to call all primary teachers to school from st of July HRDMinistry Dr R P Nisahank please take some action When there are no students why to risk teachers lives COVIDIndia Do not open schools until everything is fine",0.22916666666666669,0.4,0.0,0.0,0.0,0.0,0.0
31,1276952703457878016,@PMOIndia UP Government is planning to call all primary teachers to school from 1st of July @HRDMinistry #Dr. R. P. Nisahank please take some action. When there are no students why to risk teacher's lives. #COVID19India #Do not open schools until everything is fine....,PMOIndia UP Government is planning to call all primary teachers to school from st of July HRDMinistry Dr R P Nisahank please take some action When there are no students why to risk teachers lives COVIDIndia Do not open schools until everything is fine,0.22916666666666669,0.4,0.0,0.0,0.0,0.0,0.0
32,789066863699386368,Africa's Best Kids Organics Detangling Moisturizing Hair Lotion is one of my faves from https://t.co/Drwwbj2Ivv  #COVID19US  #COVID19India #COVID19 #Covid19UK   https://t.co/r8n02ETPCf,Africas Best Kids Organics Detangling Moisturizing Hair Lotion is one of my faves from httpstcoDrwwbjIvv  COVIDUS  COVIDIndia COVID CovidUK   httpstcornETPCf,1.0,0.3,0.0,0.0,0.0,0.833944,0.0
33,1276952703457878016,@CMYogiAdityaNat UP Government is planning to call all primary teachers to school from 1st of July @HRDMinistry #Dr. R. P. Nisahank please take some action. When there are no students why to risk teacher's lives. #COVID19India #Do not open schools until everything is fine....,CMYogiAdityaNat UP Government is planning to call all primary teachers to school from st of July HRDMinistry Dr R P Nisahank please take some action When there are no students why to risk teachers lives COVIDIndia Do not open schools until everything is fine,0.22916666666666669,0.4,0.0,0.0,0.0,0.0,0.0
34,157564941,"Connecting flights to Vijayawada, Andhra Pradesh.
#IndiaInternationalFlights
#COVID19India 
@IndianEmbassyUS 
@MoCA_GoI 
@DGCAIndia 
@kesineni_nani 
@JayGalla 
@tv5newsnow 
@eenadulivenews 
@abntelugutv 
@ndtv","Connecting flights to Vijayawada Andhra Pradesh
IndiaInternationalFlights
COVIDIndia 
IndianEmbassyUS 
MoCAGoI 
DGCAIndia 
kesineninani 
JayGalla 
tvnewsnow 
eenadulivenews 
abntelugutv 
ndtv",0.0,0.0,0.0,0.0,0.0,0.0,0.0
35,1276952703457878016,UP Government is planning to call all primary teachers to school from 1st of July @HRDMinistry #Dr. R. P. Nisahank please take some action. When there are no students why to risk teacher's lives. #COVID19India #Do not open schools until everything is fine....,UP Government is planning to call all primary teachers to school from st of July HRDMinistry Dr R P Nisahank please take some action When there are no students why to risk teachers lives COVIDIndia Do not open schools until everything is fine,0.22916666666666669,0.4,0.0,0.0,0.0,0.0,0.0
36,1228182516323864576,"For the first time #coronavirus cases in India hav touched 20k+ on June 27th
Highest cases recorded by a single country worldwide on June 27th is #India 
Be sacred ppl be very very sacred üò≠üò≠
#COVID19 #COVID19India #CoronavirusPandemic #CoronavirusIndia","For the first time coronavirus cases in India hav touched k on June th
Highest cases recorded by a single country worldwide on June th is India 
Be sacred ppl be very very sacred üò≠üò≠
COVID COVIDIndia CoronavirusPandemic CoronavirusIndia",0.1461904761904762,0.3125396825396825,0.0,0.0,0.734303,0.0,0.0
37,807517160566353920,"Some people says dark magic exists,Some people says dark magic doesn't exist
But deep down we all knows kaadha pine se immunity achhi hoti hai

#COVID19 #COVID19India #CoronavirusIndia #pandemic #Quarantine","Some people says dark magic existsSome people says dark magic doesnt exist
But deep down we all knows kaadha pine se immunity achhi hoti hai

COVID COVIDIndia CoronavirusIndia pandemic Quarantine",0.09074074074074073,0.5814814814814814,0.0,0.0,0.0,0.0,0.580447
38,929076201187975168,"Active COVID19 cases in Assam stand at 2,338
@himantabiswa @CMOfficeAssam @sarbanandsonwal #COVID19India @drharshvardhan @PMOIndia 
https://t.co/HFhDATD0bn","Active COVID cases in Assam stand at 
himantabiswa CMOfficeAssam sarbanandsonwal COVIDIndia drharshvardhan PMOIndia 
httpstcoHFhDATDbn",-0.13333333333333333,0.6,0.0,0.0,0.0,0.0,0.0
39,1063806816650518530,"Follow me @MrMohanMaurya
Retweet &amp; Like this post
#IndiaChinaBorder #ARMY
#News #Opinion #FactCheck #Analysis #Blog #covid #coronavirus #India #china #carecentre #hospital #CORONIL #COVID19 #COVID19India #CoronavirusIndia #coronilTablet #ramdev #AmitShah #ArvindKejriwal #like https://t.co/7qd2GQZziV","Follow me MrMohanMaurya
Retweet amp Like this post
IndiaChinaBorder ARMY
News Opinion FactCheck Analysis Blog covid coronavirus India china carecentre hospital CORONIL COVID COVIDIndia CoronavirusIndia coronilTablet ramdev AmitShah ArvindKejriwal like httpstcoqdGQZziV",0.0,0.0,0.0,0.0,0.0,0.0,0.914635
40,1063806816650518530,"Follow me @MrMohanMaurya
Retweet &amp; Like this post
#IndiaChinaBorder #ARMY
#News #Opinion #FactCheck #Analysis #Blog #covid #coronavirus #India #china #carecentre #hospital #CORONIL #COVID19 #COVID19India #CoronavirusIndia #coronilTablet #ramdev #AmitShah #ArvindKejriwal #like https://t.co/ti9OFoyoId","Follow me MrMohanMaurya
Retweet amp Like this post
IndiaChinaBorder ARMY
News Opinion FactCheck Analysis Blog covid coronavirus India china carecentre hospital CORONIL COVID COVIDIndia CoronavirusIndia coronilTablet ramdev AmitShah ArvindKejriwal like httpstcotiOFoyoId",0.0,0.0,0.0,0.0,0.0,0.0,0.914635
41,839472657594789888,"Worldwide cases cross 1crore mark today. Devastating.
#CoronavirusIndia 
#CoronaVirusUpdates 
#COVID19India 
#COVID19Pandemic 
@TimesDemocracy 
@covidindiastats https://t.co/fVZ2kVWiec","Worldwide cases cross crore mark today Devastating
CoronavirusIndia 
CoronaVirusUpdates 
COVIDIndia 
COVIDPandemic 
TimesDemocracy 
covidindiastats httpstcofVZkVWiec",-0.5,0.5,0.0,0.0,0.0,0.0,0.0
42,2865915091,"@Umrulayyar786 @guddu_siddiqui @Uppolice @Barabankipolice @112UttarPradesh these type of people are bad elements n their activities are fatal for society. Kindly take strict action.
@Uppolice 
@Barabankipolice
@dgpup
#COVID19India 
#coronavirus 
@drharshvardhan","Umrulayyar guddusiddiqui Uppolice Barabankipolice UttarPradesh these type of people are bad elements n their activities are fatal for society Kindly take strict action
Uppolice 
Barabankipolice
dgpup
COVIDIndia 
coronavirus 
drharshvardhan",4.625929269271486e-17,0.5555555555555556,0.0,0.0,0.0,0.0,0.0
43,2865915091,"@MoinuddinMans20 @guddu_siddiqui @Uppolice @Barabankipolice these type of people are bad elements n their activities are fatal for society. Kindly take strict action.
@Uppolice 
@Barabankipolice
@dgpup
#COVID19India 
#coronavirus 
@drharshvardhan","MoinuddinMans guddusiddiqui Uppolice Barabankipolice these type of people are bad elements n their activities are fatal for society Kindly take strict action
Uppolice 
Barabankipolice
dgpup
COVIDIndia 
coronavirus 
drharshvardhan",4.625929269271486e-17,0.5555555555555556,0.0,0.0,0.0,0.0,0.0
44,2865915091,"@Shakir786143 @guddu_siddiqui @Uppolice @Barabankipolice these type of people are bad elements n their activities are fatal for society. Kindly take strict action.
@Uppolice 
@Barabankipolice
@dgpup
#COVID19India 
#coronavirus 
@drharshvardhan","Shakir guddusiddiqui Uppolice Barabankipolice these type of people are bad elements n their activities are fatal for society Kindly take strict action
Uppolice 
Barabankipolice
dgpup
COVIDIndia 
coronavirus 
drharshvardhan",4.625929269271486e-17,0.5555555555555556,0.0,0.0,0.0,0.0,0.0
45,1030460319334912000,"Whats wrong with our great country, 
Baahar say china andar say Corona problem bana hoa hai. 
 #COVID19India 
#CoronaUpdatesInIndia 
#Congress 
#Modi 
#IndiaFightsCorona 
#ChinaIndiaFaceoff 
#ModiGovt 
@timesofindia 
@INCIndia 
@cpimspeak 
@MamataOfficial 
@KapilSibal https://t.co/CI22z6Nv4Q","Whats wrong with our great country 
Baahar say china andar say Corona problem bana hoa hai 
 COVIDIndia 
CoronaUpdatesInIndia 
Congress 
Modi 
IndiaFightsCorona 
ChinaIndiaFaceoff 
ModiGovt 
timesofindia 
INCIndia 
cpimspeak 
MamataOfficial 
KapilSibal httpstcoCIzNvQ",0.15000000000000002,0.825,0.0,0.0,0.0,0.0,0.0
46,724333396680306688,"Bangalore 26/6/2020 - 144 Cases
Bangalore 27/6/2020- 596 Cases
5 fold increase in a day !
Even though we have done well in the last few months, The need to revisit the famous #bengalurumodel is the ask of the hour.
#Bengaluru #Covid19Karnataka #COVID19India #COVIDUpdates","Bangalore    Cases
Bangalore   Cases
 fold increase in a day 
Even though we have done well in the last few months The need to revisit the famous bengalurumodel is the ask of the hour
Bengaluru CovidKarnataka COVIDIndia COVIDUpdates",0.09999999999999999,0.3888888888888889,0.0,0.0,0.0,0.0,0.51064
47,131560172,@DigiThane @TMCaTweetAway @nareshmhaske @vikasrepale @malavi_sandeep @CMOMaharashtra @PIBMumbai @DDSahyadri @Info_Thane1 @airnews_mumbai @air_mumbai @DGPMaharashtra Cases rising drastically.. If situation not in control please impose lockdown again in Thane.. #COVID19India,DigiThane TMCaTweetAway nareshmhaske vikasrepale malavisandeep CMOMaharashtra PIBMumbai DDSahyadri InfoThane airnewsmumbai airmumbai DGPMaharashtra Cases rising drastically If situation not in control please impose lockdown again in Thane COVIDIndia,0.0,0.0,0.0,0.0,0.0,0.0,0.0
48,1030460319334912000,"#IndiaFightsCorona 
Updates #COVID19India 
#COVID19 
#CoronaPandemic https://t.co/GylJeBWucK","IndiaFightsCorona 
Updates COVIDIndia 
COVID 
CoronaPandemic httpstcoGylJeBWucK",0.0,0.0,0.0,0.0,0.0,0.0,0.0
49,1057148786189824000,There is community transmission in Goa: CM Pramod Sawant #Goa #India #COVID19India #COVID #Coronavirus #CoronavirusPandemic #Covid_19 #Pandemic #COVID19 #COVID2019 #COVID„Éº19 https://t.co/ZE6oL6jHI6,There is community transmission in Goa CM Pramod Sawant Goa India COVIDIndia COVID Coronavirus CoronavirusPandemic Covid Pandemic COVID COVID COVID„Éº httpstcoZEoLjHI,0.0,0.0,0.0,0.0,0.0,0.0,0.0
50,990136222746996736,"Tptal covid19 cases cross 10 million mark worldwide
#COVID19India 
#COVID19 https://t.co/kP7JxzzNCS","Tptal covid cases cross  million mark worldwide
COVIDIndia 
COVID httpstcokPJxzzNCS",0.0,0.0,0.0,0.0,0.0,0.0,0.0
51,929076201187975168,"Total discharged cases in Arunachal have increased to 54 
@DirectorateofHS @PemaKhanduBJP @ArunachalDIPR @KirenRijiju #COVID19India 
https://t.co/Ml4cE7xfX9","Total discharged cases in Arunachal have increased to  
DirectorateofHS PemaKhanduBJP ArunachalDIPR KirenRijiju COVIDIndia 
httpstcoMlcExfX",0.0,0.75,0.0,0.0,0.0,0.0,0.0
52,924947349473968128,"Worst Administration...!!  üò∑
@KTRTRS
@Eatala_Rajender 
#WakeUpTelenganaGovt 
#COVID19India 
#coronavirus 
#Hyderabad https://t.co/tOgYIYAPRE","Worst Administration  üò∑
KTRTRS
EatalaRajender 
WakeUpTelenganaGovt 
COVIDIndia 
coronavirus 
Hyderabad httpstcotOgYIYAPRE",-1.0,1.0,0.0,0.0,0.0,0.0,0.0
53,3077556326,"#COVID19India #COVID19Pandemic From 21st March onwards we are observing lockdown situation, many IT Professionals are working from home. Govt should relax taxation laws to allow IT COMPANIES TO PROVIDE FREE INTERNET etc. As It will be beneficial to all people
Less pollution.","COVIDIndia COVIDPandemic From st March onwards we are observing lockdown situation many IT Professionals are working from home Govt should relax taxation laws to allow IT COMPANIES TO PROVIDE FREE INTERNET etc As It will be beneficial to all people
Less pollution",0.24444444444444446,0.45555555555555555,0.0,0.0,0.0,0.0,0.0
54,2887538707,"This is d situation in hyderabad horrible reported by BBCnews https://t.co/NfyHWmTHcs @TelanganaCMO @PMOIndia @narendramodi @KTRTRS @UNHumanRights @humanrights1st  https://t.co/NfyHWmTHcs
#caronavirus2020 #IndiaFightsCorona #TelanganaFightsCorona #Telangana #COVID19India #PMModi","This is d situation in hyderabad horrible reported by BBCnews httpstcoNfyHWmTHcs TelanganaCMO PMOIndia narendramodi KTRTRS UNHumanRights humanrightsst  httpstcoNfyHWmTHcs
caronavirus IndiaFightsCorona TelanganaFightsCorona Telangana COVIDIndia PMModi",-1.0,1.0,0.0,0.0,0.0,0.0,0.0
55,1216371141683466240,"üî¥ Link üëâhttps://t.co/C0zFdaMku6

#COVID19
#COVID19India 
#COVIDUpdates 
#CoronaUpdatesInIndia 
#Covid_19 
#COVID19TX 
#COVIDWarriors 
#WestBengal https://t.co/rJIL0lzTG6","üî¥ Link üëâhttpstcoCzFdaMku

COVID
COVIDIndia 
COVIDUpdates 
CoronaUpdatesInIndia 
Covid 
COVIDTX 
COVIDWarriors 
WestBengal httpstcorJILlzTG",0.0,0.0,0.0,0.0,0.0,0.656504,0.829888
56,18047190,"India 500,000 #COVID19India journey!!  https://t.co/y0YAyP84Xw https://t.co/8Xr6o6RPeI",India  COVIDIndia journey  httpstcoyYAyPXw httpstcoXroRPeI,0.0,0.0,0.0,0.0,0.0,0.634874,0.0
57,1095663272089608192,"Assam Corona Daily Report: 27 June (11:59 PM)

246 new positive cases of Covid-19 and 567 recoveries were reported today in #Assam today. Total cases in the State stands at 7165 including 4814 recoveries and 10 fatalities.

#COVID19India  #Covid_19 https://t.co/EW95uV8ZoY","Assam Corona Daily Report  June  PM

 new positive cases of Covid and  recoveries were reported today in Assam today Total cases in the State stands at  including  recoveries and  fatalities

COVIDIndia  Covid httpstcoEWuVZoY",0.09090909090909091,0.4375,0.0,0.0,0.0,0.574511,0.0
58,176065911,"Projections tells that India had atleast 13.3 lac actual infected people than reported 4.73 lac on 24/25th June.
@SetuAarogya effective or not?? #COVID19India #delhi #mumbai @narendramodi @ShamikaRavi @thealokputul 
https://t.co/fhgFUYS8pI","Projections tells that India had atleast  lac actual infected people than reported  lac on th June
SetuAarogya effective or not COVIDIndia delhi mumbai narendramodi ShamikaRavi thealokputul 
httpstcofhgFUYSpI",0.3,0.45,0.0,0.0,0.0,0.0,0.761262
59,2651013470,"The average recovery rate of Covid-19 in India is around 58%.

Gujrat stands highest @ 72%.

Telangana being worst @ 36%.

#WakeUpTelanganaGovt 
#COVID19India","The average recovery rate of Covid in India is around 

Gujrat stands highest  

Telangana being worst  

WakeUpTelanganaGovt 
COVIDIndia",-0.575,0.7,0.0,0.0,0.0,0.0,0.0
60,1268831161674952704,"Are all companies tech companies now, necessity creates situations that raises the level of maturity. Too much of anything is just not right. The difference between work from home and living at work, clarifies this. 

#lockdown #lockdownindia #WFH #COVID19 #COVID19India","Are all companies tech companies now necessity creates situations that raises the level of maturity Too much of anything is just not right The difference between work from home and living at work clarifies this 

lockdown lockdownindia WFH COVID COVIDIndia",0.02857142857142858,0.3678571428571429,0.0,0.0,0.0,0.0,0.649245
61,1095663272089608192,"Tripura Corona Daily Report: 27 June (11:59 PM)

#Tripura reported 9 new cases of Covid-19 in the last 24 hours while 16 patients recovered taking the State's tally to 1340 including 1071 recoveries &amp; a fatality

Active cases in Tripura stands at 262.
 
#COVID19India #Covid_19 https://t.co/cO4iYD0nCg","Tripura Corona Daily Report  June  PM

Tripura reported  new cases of Covid in the last  hours while  patients recovered taking the States tally to  including  recoveries amp a fatality

Active cases in Tripura stands at 
 
COVIDIndia Covid httpstcocOiYDnCg",0.0007575757575757555,0.2803030303030303,0.0,0.0,0.0,0.0,0.0
62,425103071,"Now #India have crossed 5 lakh mark of total #coronavirus cases, out of them &gt;295K have been cured and discharged. So far &gt;15,600 have lost their lives and &gt;197K cases are still active.
#COVID19 #COVID19India #CoronaUpdatesInIndia 
(27th June, 23:59)
https://t.co/YjaRU9MTLh https://t.co/Fq0qgjRQcP","Now India have crossed  lakh mark of total coronavirus cases out of them gtK have been cured and discharged So far gt have lost their lives and gtK cases are still active
COVID COVIDIndia CoronaUpdatesInIndia 
th June 
httpstcoYjaRUMTLh httpstcoFqqgjRQcP",-0.011111111111111108,0.7833333333333333,0.0,0.0,0.80227,0.0,0.61954
63,587263534,"#Covid_19 #COVID19India 

#Covid19Chennai

The ship idea will also work for Mumbai.  Basically, coastal cities with beach / port / harbor. 

I m just thinking aloud how we create (hospital) capacity quickly .. Becoz i think we will need it.","Covid COVIDIndia 

CovidChennai

The ship idea will also work for Mumbai  Basically coastal cities with beach  port  harbor 

I m just thinking aloud how we create hospital capacity quickly  Becoz i think we will need it",0.3333333333333333,0.5,0.0,0.0,0.0,0.0,0.849316
64,1112024868420243458,"19,886 new cases today. Highest again.
#COVID19India"," new cases today Highest again
COVIDIndia",0.13636363636363635,0.45454545454545453,0.0,0.0,0.0,0.626376,0.0
65,587263534,"#Covid_19 #COVID19India 

#Covid19Chennai 

Next, can we - depending on how the border situation is - either deploy our own (India) ships to come to Chennai &amp; dock for being used as hospitals or request ally Nations (that are safe - not the US coz they r engaged) for 2 ships?","Covid COVIDIndia 

CovidChennai 

Next can we  depending on how the border situation is  either deploy our own India ships to come to Chennai amp dock for being used as hospitals or request ally Nations that are safe  not the US coz they r engaged for  ships",0.3666666666666667,0.5,0.0,0.0,0.0,0.0,0.0
66,1266650651339165696,"#COVID19India Update till 27 Jun 11.30 pm

üìåTotal cases of #COVID19: 529,331
Total Active: 203,027

Today:
Case increase:19,886
Recovered:14,229
Death :413

Top 6 States:
#Maharashtra 1,59,133
#Delhi 80,188
#TamilNadu 70,335
#Gujarat 30,771
#Uttarpradesh 21,559
#Rajasthan 16,944","COVIDIndia Update till  Jun  pm

üìåTotal cases of COVID 
Total Active 

Today
Case increase
Recovered
Death 

Top  States
Maharashtra 
Delhi 
TamilNadu 
Gujarat 
Uttarpradesh 
Rajasthan ",0.12222222222222223,0.6166666666666667,0.0,0.0,0.0,0.0,0.0
67,587263534,"#Covid_19 #COVID19India 

#Covid19Chennai

Ofcourse all precautions must be taken regarding assigning hotel rooms but that is mighty do-able.  The fastest way to create capacity for beds with attached restrooms.  Can we start? Can have roving / flying squad medical teams as well.","Covid COVIDIndia 

CovidChennai

Ofcourse all precautions must be taken regarding assigning hotel rooms but that is mighty doable  The fastest way to create capacity for beds with attached restrooms  Can we start Can have roving  flying squad medical teams as well",0.2,0.45,0.0,0.0,0.0,0.51265,0.753279
68,3628910713,"India just witnessed 20k cases within one day. Highest till now.

ICMR:- Since all indians are my brothers and sisters, we will call it contact transmission. We are not in community transmission.

Stupid ICMR
#COVID19India #CoronaUpdatesInIndia","India just witnessed k cases within one day Highest till now

ICMR Since all indians are my brothers and sisters we will call it contact transmission We are not in community transmission

Stupid ICMR
COVIDIndia CoronaUpdatesInIndia",-0.7999999999999999,1.0,0.0,0.0,0.0,0.0,0.0
69,587263534,"#Covid_19 #COVID19India 

#Covid19Chennai

I am asking that question as a win-win becoz we will create capacity + hotels will make money + load on pvt hospitals will reduce (people fear no beds for non-corona needs - i dont know if true or not - have not gone out in 90 days)","Covid COVIDIndia 

CovidChennai

I am asking that question as a winwin becoz we will create capacity  hotels will make money  load on pvt hospitals will reduce people fear no beds for noncorona needs  i dont know if true or not  have not gone out in  days",0.35,0.65,0.0,0.0,0.0,0.545475,0.748524
70,824757289,"New #coronavirus case in #Maharashtra  5318, what's happening don't know, are we serious or no? in the news thr is only #Delhi whr is #Mumbai ??#MaharashtraBachao  
@ZeeNews @Republic_Bharat @abpnewshindi @News18India @news24tvchannel @aajtak @TOIMumbai #AmitShah #COVID19India","New coronavirus case in Maharashtra   whats happening dont know are we serious or no in the news thr is only Delhi whr is Mumbai MaharashtraBachao  
ZeeNews RepublicBharat abpnewshindi NewsIndia newstvchannel aajtak TOIMumbai AmitShah COVIDIndia",-0.06565656565656565,0.7070707070707071,0.0,0.0,0.0,0.0,0.668742
71,587263534,"#Covid_19 #COVID19India 

#Covid19Chennai

As regards hospital beds (given what we are going thru), can we do two things: 

1.  See, our hotels are not occupied &amp; are not making money.  Can we enlist willing ones for rooms &amp; direct mediclaim patients there so hotels can get paid?","Covid COVIDIndia 

CovidChennai

As regards hospital beds given what we are going thru can we do two things 

  See our hotels are not occupied amp are not making money  Can we enlist willing ones for rooms amp direct mediclaim patients there so hotels can get paid",0.175,0.575,0.0,0.0,0.0,0.630259,0.0
72,141124330,"Chennai full lockdown, karnataka full lock down on Sundays and the table topper Maharashtra opening saloons? #COVID19India",Chennai full lockdown karnataka full lock down on Sundays and the table topper Maharashtra opening saloons COVIDIndia,0.18148148148148147,0.462962962962963,0.0,0.0,0.0,0.544551,0.0
73,143086862,"?????Bangalore Discharge in only 534, where as Udupi is1038, Kalaburgi 959, Yadgir 787. Any idea why is this?
@publictvnews @suvarnanewstv @tv9kannada  @TOIBengaluru @RAshokaBJP @mla_sudhakar @BBMPCOMM   #Covid19Karnataka  #COVID19India","Bangalore Discharge in only  where as Udupi is Kalaburgi  Yadgir  Any idea why is this
publictvnews suvarnanewstv tvkannada  TOIBengaluru RAshokaBJP mlasudhakar BBMPCOMM   CovidKarnataka  COVIDIndia",0.0,1.0,0.0,0.0,0.0,0.0,0.732942
74,587263534,"#Covid_19 #COVID19India 

#Covid19Chennai

Ctd..

&amp; Govt is now stretched too much, they have been on the field for 3 months now! Under exceptional stress.  They are human too.  How long to go? Is it humanly possible? Should we relook at management of the pandemic?","Covid COVIDIndia 

CovidChennai

Ctd

amp Govt is now stretched too much they have been on the field for  months now Under exceptional stress  They are human too  How long to go Is it humanly possible Should we relook at management of the pandemic",0.12777777777777777,0.45,0.0,0.0,0.5367,0.0,0.0
75,625347984,@PMOIndia @MEAIndia @DrSJaishankar  map of India as displayed by @WHO @UN  is disregarding sovereignty of India by displaying a faulty map of India on its #COVID19India  website https://t.co/4tUE2r0z4y it is an insult to all #Indians,PMOIndia MEAIndia DrSJaishankar  map of India as displayed by WHO UN  is disregarding sovereignty of India by displaying a faulty map of India on its COVIDIndia  website httpstcotUErzy it is an insult to all Indians,0.0,0.0,0.657659,0.0,0.0,0.0,0.0
76,587263534,"#Covid_19 #COVID19India 

#Covid19Chennai

+ infectious diseases specialists (who can monitor virtually &amp; lead the effort) EVEN AS THE GOVT PLAYS FACILITATOR &amp; ENABLER? 

I know the Govt has a team on board &amp; regularly consults but my fear is: no beginning of end yet &amp; Govt is","Covid COVIDIndia 

CovidChennai

 infectious diseases specialists who can monitor virtually amp lead the effort EVEN AS THE GOVT PLAYS FACILITATOR amp ENABLER 

I know the Govt has a team on board amp regularly consults but my fear is no beginning of end yet amp Govt is",0.0,0.07692307692307693,0.0,0.679554,0.0,0.0,0.530786
77,433858720,"When all your life  support #communist ( #Kerala , #China .. against #Indiandemocratic ( #bjp ) and die due to Chinese virus üòπüòπüòπ‚úåÔ∏è#Coronavirus  #COVID19India",When all your life  support communist  Kerala  China  against Indiandemocratic  bjp  and die due to Chinese virus üòπüòπüòπ‚úåÔ∏èCoronavirus  COVIDIndia,-0.0625,0.1875,0.0,0.0,0.0,0.0,0.620279
